{"batch_size": 16, "beta": 0.9471745169714658, "epsilon": 1.0, "epsilon_decay": 0.9956307076134173, "epsilon_min": 0.22094780333278669, "gamma": 0.9830168985586814, "loop_decay": 0.75, "loop_size": 5, "model_name": "NN1", "prioritized_batch_size": 7, "r_cold": -5, "r_done": 68.54615273922506, "r_hot": 5, "r_loop": 0, "r_move": -2.0656837491228095, "r_waste": -1.6203885982961985, "reward_name": "Simple"}