{"batch_size": 20, "beta": 1.0151681945521884, "epsilon": 1.0, "epsilon_decay": 0.9217791243291708, "epsilon_min": 0.06613121645530276, "gamma": 0.8876603002497248, "loop_decay": 0.9051985115042278, "loop_size": 5, "model_name": "NN2", "prioritized_batch_size": 14, "r_cold": -1.715787054701812, "r_done": 10.133388015136559, "r_hot": 3.1695433074855717, "r_loop": -0.4764687923847979, "r_move": 0, "r_waste": 0, "reward_name": "HotCold", "episode": 110}