{"batch_size": 24, "beta": 0.9976596376718272, "epsilon": 1.0, "epsilon_decay": 0.8965046121716851, "epsilon_min": 0.16636620708132022, "gamma": 0.9154580303993503, "loop_decay": 0, "loop_size": 5, "model_name": "NN2", "prioritized_batch_size": 9, "r_cold": -2.1052498687422974, "r_done": 10.118519456582245, "r_hot": 3.107376419298668, "r_loop": 0, "r_move": 0, "r_waste": 0, "reward_name": "HotCold", "episode": 112}