{"batch_size": 20, "beta": 1.113333951839687, "epsilon": 1.0, "epsilon_decay": 0.9545768840143147, "epsilon_min": 0.00037243279829170397, "gamma": 0.8580992110243613, "loop_decay": 0.5926986873063134, "loop_size": 5, "model_name": "NN1", "prioritized_batch_size": 8, "r_cold": -0.7980554027592657, "r_done": 25.864776049706126, "r_hot": 3.576387059712134, "r_loop": -0.24472374963613241, "r_move": -0.5, "r_waste": -2, "reward_name": "HotCold", "episode": 274}