{"batch_size": 24, "beta": 1.0032774515070757, "epsilon": 1.0, "epsilon_decay": 0.9444348952988034, "epsilon_min": 0.3105205009950469, "gamma": 0.9593299480426803, "loop_decay": 0.778487408042842, "loop_size": 5, "model_name": "NN1", "prioritized_batch_size": 14, "r_cold": -1.8612732188205325, "r_done": 21.813843816141315, "r_hot": 0.7029378073209294, "r_loop": -0.31109558466925713, "r_move": 0, "r_waste": 0, "reward_name": "HotCold", "episode": 238}