{"batch_size": 16, "beta": 0.9927462794069238, "epsilon": 1.0, "epsilon_decay": 0.9278908392865438, "epsilon_min": 0.1058002291336679, "gamma": 0.9046560906575707, "loop_decay": 0.75, "loop_size": 5, "model_name": "NN1", "prioritized_batch_size": 7, "r_cold": -2.7603355581351043, "r_done": 29.595791500729423, "r_hot": 1.1502578649910797, "r_loop": 0, "r_move": 0, "r_waste": 0, "reward_name": "HotCold", "episode": 311}