{"batch_size": 24, "beta": 0.9049981770612372, "epsilon": 1.0, "epsilon_decay": 0.89706634530624, "epsilon_min": -0.007818227755226479, "gamma": 0.855711411922971, "loop_decay": 0.75, "loop_size": 5, "model_name": "CNN", "prioritized_batch_size": 9, "r_cold": -0.17198212625323814, "r_done": 27.77036235289132, "r_hot": 3.6003036703577123, "r_loop": 0, "r_move": -0.5, "r_waste": -2, "reward_name": "HotCold", "episode_61": 402}