{"batch_size": 16, "beta": 0.9127446567918641, "epsilon": 1.0, "epsilon_decay": 0.9723849911228258, "epsilon_min": 0.11099455774738297, "gamma": 0.9780760921885671, "loop_decay": 0.9371290320081467, "loop_size": 5, "model_name": "CNN", "prioritized_batch_size": 14, "r_cold": -3, "r_done": 10.144285663030686, "r_hot": 3, "r_loop": -0.8878303948936328, "r_move": -1.2061689448149444, "r_waste": -1.2173115073009986, "reward_name": "Simple", "episode": 356}