{"batch_size": 24, "beta": 1.0016345661646804, "epsilon": 1.0, "epsilon_decay": 0.9594270644156937, "epsilon_min": 0.023215186819873966, "gamma": 0.8381269336526039, "loop_decay": 0.6727992280088033, "loop_size": 5, "model_name": "CNN", "prioritized_batch_size": 6, "r_cold": -4.475858309848533, "r_done": 38.80693870777531, "r_hot": 3.7349394561381795, "r_loop": -0.3023563892625332, "r_move": 0, "r_waste": 0, "reward_name": "HotCold", "episode_61": 386}