{"batch_size": 24, "beta": 0.8615375240443663, "epsilon": 1.0, "epsilon_decay": 0.926134261986586, "epsilon_min": 0.1342058878015339, "gamma": 0.9597774434663507, "loop_decay": 0.6326080726658474, "loop_size": 5, "model_name": "NN1", "prioritized_batch_size": 13, "r_cold": -0.7782622550241896, "r_done": 37.569790817312324, "r_hot": 1.3798213146639198, "r_loop": 0, "r_move": -0.5, "r_waste": -2, "reward_name": "HotCold", "episode_61": 494}