{"batch_size": 24, "beta": 0.9908340035186664, "epsilon": 1.0, "epsilon_decay": 0.9678412789186821, "epsilon_min": 0.19004624565698294, "gamma": 0.7173799214017655, "loop_decay": 0.7210445212424155, "loop_size": 5, "model_name": "NN1", "prioritized_batch_size": 13, "r_cold": -1.9915999605694439, "r_done": 34.77187184504255, "r_hot": 2.4993307882052074, "r_loop": -0.636357407258688, "r_move": 0, "r_waste": 0, "reward_name": "HotCold"}