{"batch_size": 12, "beta": 0.9141599684573396, "epsilon": 1.0, "epsilon_decay": 0.9696548599649926, "epsilon_min": 0.09910925828949023, "gamma": 0.9841562192184437, "loop_decay": 0.75, "loop_size": 5, "model_name": "NN1", "prioritized_batch_size": 7, "r_cold": -4.938158582371987, "r_done": 32.90387092321289, "r_hot": 0.783424809071765, "r_loop": 0, "r_move": 0, "r_waste": 0, "reward_name": "HotCold", "episode": 1000}