{"batch_size": 16, "beta": 0.9575486424701523, "epsilon": 1.0, "epsilon_decay": 0.8774808445611354, "epsilon_min": 0.07159282626184477, "gamma": 0.9487160159643909, "loop_decay": 0.75, "loop_size": 5, "model_name": "NN1", "prioritized_batch_size": 6, "r_cold": -3.189437964064987, "r_done": 37.95533388520965, "r_hot": 1.1626578741871119, "r_loop": 0, "r_move": 0, "r_waste": 0, "reward_name": "HotCold", "episode": 1500}