{"batch_size": 12, "beta": 1.005291661963558, "epsilon": 1.0, "epsilon_decay": 0.9314673762221304, "epsilon_min": 0.11120108085363098, "gamma": 0.9769539714342569, "loop_decay": 0.5120379262005871, "loop_size": 5, "model_name": "NN1", "prioritized_batch_size": 7, "r_cold": -3.634933059880284, "r_done": 49.89320888702362, "r_hot": 1.3748980057429039, "r_loop": -0.3772462020804537, "r_move": 0, "r_waste": 0, "reward_name": "HotCold"}