{"batch_size": 24, "beta": 0.739810575712935, "epsilon": 1.0, "epsilon_decay": 0.9299744539862873, "epsilon_min": -0.05929149294344915, "gamma": 0.9846746011081321, "loop_decay": 0.6993245317299035, "loop_size": 5, "model_name": "NN1", "prioritized_batch_size": 14, "r_cold": -5, "r_done": 12.866393670756395, "r_hot": 5, "r_loop": -0.9353313452711186, "r_move": -0.8613636184663903, "r_waste": -0.7495491732702231, "reward_name": "Simple", "episode_61": 355}