{"batch_size": 24, "beta": 0.9855127341165402, "epsilon": 1.0, "epsilon_decay": 0.9639682880559458, "epsilon_min": 0.14863924807330184, "gamma": 0.7793217485650836, "loop_decay": 0.75, "loop_size": 5, "model_name": "NN1", "prioritized_batch_size": 10, "r_cold": -5, "r_done": 19.447818079648947, "r_hot": 5, "r_loop": 0, "r_move": -0.9661506069859236, "r_waste": -1.4987015703014697, "reward_name": "Simple", "episode": 530}
