{"batch_size": 24, "beta": 1.0045788062427596, "epsilon": 1.0, "epsilon_decay": 0.8742955447008561, "epsilon_min": 0.22256078332149362, "gamma": 0.710841917536464, "loop_decay": 0.75, "loop_size": 5, "model_name": "NN2", "prioritized_batch_size": 12, "r_cold": -1.6221033655789137, "r_done": 12.299679937247772, "r_hot": 0.8873290358036794, "r_loop": 0, "r_move": 0, "r_waste": 0, "reward_name": "HotCold", "episode": 281}