{"batch_size": 24, "beta": 1.0124235664944927, "epsilon": 1.0, "epsilon_decay": 0.9129731685564526, "epsilon_min": 0.023388292028523792, "gamma": 0.945107726567339, "loop_decay": 0.9761748829434936, "loop_size": 5, "model_name": "NN2", "prioritized_batch_size": 8, "r_cold": -2.19924948646672, "r_done": 10.72341479501614, "r_hot": 1.024003013945656, "r_loop": -0.29897357715603423, "r_move": 0, "r_waste": 0, "reward_name": "HotCold", "episode": 211}