{"batch_size": 24, "beta": 1.0052689205355674, "epsilon": 1.0, "epsilon_decay": 0.9723000892853386, "epsilon_min": 0.11728471262702725, "gamma": 0.8779362308847967, "loop_decay": 0.7160012490734364, "loop_size": 5, "model_name": "NN2", "prioritized_batch_size": 10, "r_cold": -1.0697794826867928, "r_done": 39.125522327540985, "r_hot": 2.740208926643572, "r_loop": -0.18939535178700478, "r_move": 0, "r_waste": 0, "reward_name": "HotCold", "episode": 239}