{"batch_size": 24, "beta": 0.8152176272171564, "epsilon": 1.0, "epsilon_decay": 0.8799646879244132, "epsilon_min": 0.13407234053268632, "gamma": 0.9583177830761568, "loop_decay": 0.75, "loop_size": 5, "model_name": "CNN", "prioritized_batch_size": 14, "r_cold": -3, "r_done": 11.192870562636442, "r_hot": 3, "r_loop": 0, "r_move": -1.251172995309334, "r_waste": -3.00401536822692, "reward_name": "Simple", "episode": 477}