{"batch_size": 24, "beta": 1.0105974294646003, "epsilon": 1.0, "epsilon_decay": 0.9696536465520402, "epsilon_min": 0.06278653479746238, "gamma": 0.9201280219823067, "loop_decay": 0.75, "loop_size": 5, "model_name": "NN2", "prioritized_batch_size": 7, "r_cold": -2.699719175121461, "r_done": 34.15209516682627, "r_hot": 1.9921909207358004, "r_loop": 0, "r_move": 0, "r_waste": 0, "reward_name": "HotCold", "episode": 394}